{"table":[{"items":{"id":1,"name":"iphone6","Price":"1023","Brand":"apple"}},{"items":{"id":3,"name":"iphone6","Price":"1023","Brand":"apple"}},{"items":{"id":1,"name":"iphone6","Price":"1023","Brand":"apple"}},{"items":{"id":2,"name":"iphone6","Price":"1023","Brand":"apple"}},{"items":{"id":3,"name":"iphone6","Price":"1023","Brand":"apple"}},{"items":{"id":4,"name":"iphone6","Price":"1023","Brand":"apple"}},{"items":{"id":5,"name":"iphone6","Price":"1023","Brand":"apple"}},{"items":{"id":6,"name":"iphone6","Price":"1023","Brand":"apple"}},{"items":{"id":8,"name":"iphone6","Price":"1023","Brand":"apple"}},{"items":{"id":9,"name":"new name","Price":"new price","Brand":"new brand"}}]}